{
    "balance": 9999.127709999999,
    "position": null,
    "open_orders": [],
    "equity_peak": 10072.494809999998,
    "equity_history": [
        10000.0,
        10000.0,
        10000.0,
        10000.0,
        10000.0,
        10000.0,
        10000.0,
        10000.0,
        10000.0,
        10000.0,
        10000.0,
        10000.0,
        10000.0,
        10000.0,
        10000.0,
        10000.0,
        10000.0,
        10000.0,
        10000.0,
        10000.0,
        10072.494809999998
    ]
}